{"rouge1": 0.03813420608639717, "rouge2": 0.0044251056388020515, "rougeL": 0.03558635339140892, "rougeLsum": 0.03573759272694588, "sacre_bleu1": 0.027865136042237282, "sacre_bleu4": 0.002037294441834092}