{"rouge1": 0.07222182303667068, "rouge2": 0.0118928337469697, "rougeL": 0.0662565529346466, "rougeLsum": 0.06648113578557968, "sacre_bleu1": 0.039654817432165146, "sacre_bleu4": 0.004977384582161903}