{"test/rouge1": 0.3003462255001068, "test/rouge2": 0.06341952830553055, "test/rougeL": 0.2939698100090027, "test/rougeLsum": 0.2939698100090027, "test/sacre_bleu1": 0.2886001765727997, "test/sacre_bleu4": 0.06906606256961823}